spec_id,cohorts,worst_w12,worst_w24,p5_w24,median_w24,dual_target_rate,nonoverlap_blocks,nonoverlap_dual_passes,max_drawdown,unexecutable_rate,fees,turnover,passes_targets,passes_strict_gate,blocking_reason
U3-B005,124,301482.46887,646616.9786176002,655804.38117165,719658.1063170001,0.0,6,0,0.27500524801210935,0.5625,9064.67583,12949536.9,False,False,dual_target_failure
U3-B040,124,321012.88414,643432.5239799999,666976.2808735002,750964.2835749999,0.0,6,0,0.20032988551400754,0.3959731543624161,12967.544390000003,18296593.9,False,False,dual_target_failure
U3-B052,124,310270.71738000005,639149.3975000001,654920.8026070001,737242.3240250001,0.0,6,0,0.20077563292609635,0.43884892086330934,13335.99118,18812654.900000002,False,False,dual_target_failure
U3-B004,124,320208.0571199999,632228.36562,657954.2896430002,749638.86243,0.008064516129032258,6,0,0.22720581538361118,0.5609756097560976,18696.552099999997,26642839.60000001,False,False,dual_target_failure
U3-B064,124,321723.9786899999,627522.6058300004,664438.7861894998,744458.784545,0.0,6,0,0.20032988551400754,0.4014084507042254,12709.107520000003,17861374.400000002,False,False,dual_target_failure
U3-B002,124,303277.2754316,626860.5363099995,658328.6817647202,768517.6642899998,0.008064516129032258,6,0,0.2871149582794519,0.49586776859504134,22149.736369999995,31529419.8,False,False,dual_target_failure
U3-B023,124,267186.317415,622247.4769644,644024.5248572801,736178.9214775001,0.0,6,0,0.2790121914150274,0.6,10449.60777,14928011.099999998,False,False,dual_target_failure
U3-B014,124,303171.932706,620450.4267727996,645007.8461294203,737995.3544100001,0.0,6,0,0.2865839199578384,0.5172413793103449,24320.596540000006,34607098.400000006,False,False,dual_target_failure
U3-B011,124,271312.20680999995,619230.2364084001,653078.7045860799,758152.455595,0.0,6,0,0.2789398850761994,0.47058823529411764,11228.175210000001,16040250.300000003,False,False,dual_target_failure
U3-B017,124,296808.33847,618662.78444,643783.7910020401,705726.9405810001,0.0,6,0,0.27500524801210935,0.6190476190476191,8492.971969999999,12132817.1,False,False,dual_target_failure
